{
  "tokens": 512,
  "iters": 200,
  "warmup": 50,
  "lab_avg_ms": 0.0251857590675354,
  "prod_avg_ms": 0.02493407964706421,
  "speedup_vs_prod": 0.990007074243968,
  "delta_pct_vs_prod": 1.0093792272810982
}