{
  "tokens": 512,
  "iters": 200,
  "warmup": 50,
  "lab_avg_ms": 0.014629919528961182,
  "prod_avg_ms": 0.02123823881149292,
  "speedup_vs_prod": 1.4516989495020804,
  "delta_pct_vs_prod": -31.115194349145813
}