{
  "tokens": 512,
  "iters": 200,
  "warmup": 50,
  "lab_avg_ms": 0.021956961154937744,
  "prod_avg_ms": 0.024755840301513673,
  "speedup_vs_prod": 1.1274711526256223,
  "delta_pct_vs_prod": -11.305934730903859
}