{
  "tokens": 512,
  "iters": 200,
  "warmup": 50,
  "lab_avg_ms": 0.014999840259552002,
  "prod_avg_ms": 0.020334560871124268,
  "speedup_vs_prod": 1.355651828236976,
  "delta_pct_vs_prod": -26.234747066250847
}