{
  "tokens": 512,
  "iters": 200,
  "warmup": 50,
  "lab_avg_ms": 0.012479200363159179,
  "prod_avg_ms": 0.012738720178604127,
  "speedup_vs_prod": 1.0207961894907223,
  "delta_pct_vs_prod": -2.037251873079332
}