{
  "tokens": 512,
  "iters": 200,
  "warmup": 50,
  "lab_avg_ms": 0.02649424076080322,
  "prod_avg_ms": 0.02609071969985962,
  "speedup_vs_prod": 0.9847694801075187,
  "delta_pct_vs_prod": 1.5466076274843903
}