{
  "tokens": 512,
  "iters": 100,
  "warmup": 30,
  "lab_avg_ms": 0.012665280103683473,
  "prod_avg_ms": 0.012692480087280274,
  "speedup_vs_prod": 1.0021476022144107,
  "delta_pct_vs_prod": -0.21429999030733107
}