{
  "tokens": 512,
  "iters": 200,
  "warmup": 50,
  "lab_avg_ms": 0.025503840446472168,
  "prod_avg_ms": 0.025609118938446043,
  "speedup_vs_prod": 1.004127946620229,
  "delta_pct_vs_prod": -0.41109767277399134
}